{"cameraMode":{"drawMode":0,"name":"Shaded","section":"Shading Mode"},"sceneLighting":false,"audioPlay":false,"sceneViewState":{"m_AlwaysRefresh":false,"showFog":true,"showSkybox":false,"showFlares":true,"showImageEffects":true,"showParticleSystems":true,"showVisualEffectGraphs":true,"m_FxEnabled":true},"in2DMode":false,"pivot":{"x":17.212209701538087,"y":2.114867925643921,"z":-0.21300017833709718},"rotation":{"x":-0.44737404584884646,"y":0.4447821080684662,"z":-0.2744952142238617,"w":-0.7258681058883667},"size":2.1794495582580568,"orthographic":true}