{"cameraMode":{"drawMode":0,"name":"Shaded","section":"Shading Mode"},"sceneLighting":false,"audioPlay":false,"sceneViewState":{"m_AlwaysRefresh":false,"showFog":true,"showSkybox":false,"showFlares":true,"showImageEffects":true,"showParticleSystems":true,"showVisualEffectGraphs":true,"m_FxEnabled":true},"in2DMode":false,"pivot":{"x":9.345568656921387,"y":2.0152463912963869,"z":-0.12726515531539918},"rotation":{"x":-0.2484530508518219,"y":0.20386315882205964,"z":-0.053773097693920138,"w":-0.945522665977478},"size":4.241138935089111,"orthographic":true}