{"cameraMode":{"drawMode":0,"name":"Shaded","section":"Shading Mode"},"sceneLighting":true,"audioPlay":false,"sceneViewState":{"m_AlwaysRefresh":false,"showFog":true,"showSkybox":true,"showFlares":true,"showImageEffects":true,"showParticleSystems":true,"showVisualEffectGraphs":true,"m_FxEnabled":true},"in2DMode":false,"pivot":{"x":0.10608498752117157,"y":0.20579998195171357,"z":0.0001400001347064972},"rotation":{"x":0.11106301844120026,"y":0.7433944940567017,"z":-0.12700976431369782,"w":0.647490382194519},"size":0.8660253882408142,"orthographic":true}