{"cameraMode":{"drawMode":0,"name":"Shaded","section":"Shading Mode"},"sceneLighting":true,"audioPlay":false,"sceneViewState":{"m_AlwaysRefresh":false,"showFog":true,"showSkybox":true,"showFlares":true,"showImageEffects":true,"showParticleSystems":true,"showVisualEffectGraphs":true,"m_FxEnabled":true},"in2DMode":false,"pivot":{"x":70.73461151123047,"y":-0.06402587890625,"z":65.89281463623047},"rotation":{"x":0.19461359083652497,"y":-0.03677279129624367,"z":0.007306024432182312,"w":0.9801801443099976},"size":13.529966354370118,"orthographic":true}