{"cameraMode":{"drawMode":0,"name":"Shaded","section":"Shading Mode"},"sceneLighting":true,"audioPlay":false,"sceneViewState":{"m_AlwaysRefresh":false,"showFog":true,"showSkybox":true,"showFlares":true,"showImageEffects":true,"showParticleSystems":true,"showVisualEffectGraphs":true,"m_FxEnabled":true},"in2DMode":false,"pivot":{"x":456.2200012207031,"y":262.2810974121094,"z":125.04679870605469},"rotation":{"x":-0.05281107872724533,"y":0.07572267204523087,"z":-0.004260577727109194,"w":-0.9958474040031433},"size":270.85174560546877,"orthographic":true}