{"cameraMode":{"drawMode":0,"name":"Shaded","section":"Shading Mode"},"sceneLighting":true,"audioPlay":false,"sceneViewState":{"m_AlwaysRefresh":false,"showFog":true,"showSkybox":true,"showFlares":true,"showImageEffects":true,"showParticleSystems":true,"showVisualEffectGraphs":true,"m_FxEnabled":true},"in2DMode":false,"pivot":{"x":15.202342987060547,"y":2.451747179031372,"z":22.462520599365236},"rotation":{"x":0.2889181077480316,"y":0.5725221037864685,"z":-0.22450178861618043,"w":0.7340198755264282},"size":14.465249061584473,"orthographic":true}