{"cameraMode":{"drawMode":0,"name":"Shaded","section":"Shading Mode"},"sceneLighting":true,"audioPlay":false,"sceneViewState":{"m_AlwaysRefresh":false,"showFog":true,"showSkybox":true,"showFlares":true,"showImageEffects":true,"showParticleSystems":true,"showVisualEffectGraphs":true,"m_FxEnabled":true},"in2DMode":false,"pivot":{"x":3.059999704360962,"y":1.6680002212524415,"z":3.3479995727539064},"rotation":{"x":-0.33858832716941836,"y":-0.6140624284744263,"z":0.32821473479270937,"w":-0.6330639719963074},"size":40.78396224975586,"orthographic":true}