{"cameraMode":{"drawMode":0,"name":"Shaded","section":"Shading Mode"},"sceneLighting":true,"audioPlay":false,"sceneViewState":{"m_AlwaysRefresh":false,"showFog":true,"showSkybox":true,"showFlares":true,"showImageEffects":true,"showParticleSystems":true,"showVisualEffectGraphs":true,"m_FxEnabled":true},"in2DMode":false,"pivot":{"x":492.441650390625,"y":311.32916259765627,"z":-6.59161376953125},"rotation":{"x":0.00250941957347095,"y":0.010676358826458454,"z":0.0007508940761908889,"w":1.000169277191162},"size":336.9580383300781,"orthographic":true}