{"cameraMode":{"drawMode":0,"name":"Shaded","section":"Shading Mode"},"sceneLighting":true,"audioPlay":false,"sceneViewState":{"m_AlwaysRefresh":false,"showFog":true,"showSkybox":true,"showFlares":true,"showImageEffects":true,"showParticleSystems":true,"showVisualEffectGraphs":true,"m_FxEnabled":true},"in2DMode":false,"pivot":{"x":12.760984420776368,"y":71.30184936523438,"z":-101.67466735839844},"rotation":{"x":0.23557166755199433,"y":0.03934968635439873,"z":-0.009542745538055897,"w":0.9710386395454407},"size":12.956028938293457,"orthographic":true}