{"cameraMode":{"drawMode":0,"name":"Shaded","section":"Shading Mode"},"sceneLighting":true,"audioPlay":false,"sceneViewState":{"m_AlwaysRefresh":false,"showFog":true,"showSkybox":true,"showFlares":true,"showImageEffects":true,"showParticleSystems":true,"showVisualEffectGraphs":true,"m_FxEnabled":true},"in2DMode":false,"pivot":{"x":535.3219604492188,"y":159.6937713623047,"z":21.30560302734375},"rotation":{"x":-0.022942015901207925,"y":0.05935589596629143,"z":-0.0016798751894384623,"w":-0.9981032013893127},"size":324.2933654785156,"orthographic":true}