{"cameraMode":{"drawMode":0,"name":"Shaded","section":"Shading Mode"},"sceneLighting":true,"audioPlay":false,"sceneViewState":{"m_AlwaysRefresh":false,"showFog":true,"showSkybox":true,"showFlares":true,"showImageEffects":true,"showParticleSystems":true,"showVisualEffectGraphs":true,"m_FxEnabled":true},"in2DMode":false,"pivot":{"x":0.2525399923324585,"y":15.472481727600098,"z":-8.265275001525879},"rotation":{"x":0.5948660969734192,"y":-0.02651369757950306,"z":0.01963760145008564,"w":0.8031508326530457},"size":3.4644315242767336,"orthographic":false}