{"cameraMode":{"drawMode":0,"name":"Shaded","section":"Shading Mode"},"sceneLighting":false,"audioPlay":false,"sceneViewState":{"m_AlwaysRefresh":false,"showFog":true,"showSkybox":false,"showFlares":true,"showImageEffects":true,"showParticleSystems":true,"showVisualEffectGraphs":true,"m_FxEnabled":true},"in2DMode":false,"pivot":{"x":0.04135429859161377,"y":0.351784348487854,"z":0.6818879842758179},"rotation":{"x":-0.20990976691246034,"y":0.5571123957633972,"z":-0.1484879106283188,"w":-0.7898190021514893},"size":0.8660253882408142,"orthographic":true}