{"cameraMode":{"drawMode":0,"name":"Shaded","section":"Shading Mode"},"sceneLighting":false,"audioPlay":false,"sceneViewState":{"m_AlwaysRefresh":false,"showFog":true,"showSkybox":false,"showFlares":true,"showImageEffects":true,"showParticleSystems":true,"showVisualEffectGraphs":true,"m_FxEnabled":true},"in2DMode":false,"pivot":{"x":7.967917442321777,"y":2.103449821472168,"z":-0.053704023361206058},"rotation":{"x":-0.22630639374256135,"y":0.043198175728321078,"z":-0.01025682408362627,"w":-0.9731418490409851},"size":3.60477876663208,"orthographic":true}