{"cameraMode":{"drawMode":0,"name":"Shaded","section":"Shading Mode"},"sceneLighting":false,"audioPlay":false,"sceneViewState":{"m_AlwaysRefresh":false,"showFog":true,"showSkybox":false,"showFlares":true,"showImageEffects":true,"showParticleSystems":true,"showVisualEffectGraphs":true,"m_FxEnabled":true},"in2DMode":false,"pivot":{"x":-0.21279335021972657,"y":3.2766876220703127,"z":-0.35779476165771487},"rotation":{"x":0.2208632081747055,"y":-0.595626711845398,"z":0.17562468349933625,"w":0.7523508071899414},"size":13.218401908874512,"orthographic":true}