{"cameraMode":{"drawMode":0,"name":"Shaded","section":"Shading Mode"},"sceneLighting":true,"audioPlay":false,"sceneViewState":{"m_AlwaysRefresh":false,"showFog":true,"showSkybox":true,"showFlares":true,"showImageEffects":true,"showParticleSystems":true,"showVisualEffectGraphs":true,"m_FxEnabled":true},"in2DMode":false,"pivot":{"x":389.198486328125,"y":144.50843811035157,"z":114.23599243164063},"rotation":{"x":0.0401797853410244,"y":0.0010960788931697608,"z":0.00004374399213702418,"w":-0.9991937875747681},"size":490.5688171386719,"orthographic":false}